id,repository,text,label,code_before,code_after,label_pred
16740,8,// TODO: add support for non-existing docs,superficial-test,"        result = engine.index(indexWithVersion.apply(conflictingVersion, index));
    }
    assertThat(result.isCreated(), equalTo(false));
    assertThat(result.getVersion(), equalTo(lastOpVersion));
    assertThat(result.getResultType(), equalTo(Engine.Result.Type.FAILURE));
    assertThat(result.getFailure(), instanceOf(VersionConflictEngineException.class));
    assertThat(result.getFailure().getStackTrace(), emptyArray());
} else {
    final Engine.IndexResult result;
    if (versionedOp) {","    // TODO: add support for non-existing docs
    if (randomBoolean() && lastOpSeqNo != SequenceNumbers.UNASSIGNED_SEQ_NO && docDeleted == false) {
        result = engine.index(indexWithSeq.apply(lastOpSeqNo, lastOpTerm, index));
    } else {
        result = engine.index(indexWithVersion.apply(correctVersion, index));
    }
} else {
    result = engine.index(indexWithCurrentTerm.apply(index));
}
assertThat(result.isCreated(), equalTo(docDeleted));",requirement
40473,8,"// This test assumes that xpack.ml.max_machine_memory_percent is 30
// and that xpack.ml.use_auto_machine_memory_percent is false.
// It also assumes that 30% of RAM on the test machine is sufficient
// to run a 200MB job but not a 50000MB job. (If we move to 256GB CI
// workers then it will need to be adjusted.)",temporary-fix,"}

@After
public void removeSettings() {
    updateClusterSettings(
        Settings.builder().putNull(MachineLearningField.MAX_LAZY_ML_NODES.getKey()).putNull(""logger.org.elasticsearch.xpack.ml"")
    );
    cleanUp();
}
","public void testMLAutoscalingCapacity() throws Exception {
    SortedMap<String, Settings> deciders = new TreeMap<>();
    deciders.put(
        MlAutoscalingDeciderService.NAME,
        Settings.builder().put(MlAutoscalingDeciderService.DOWN_SCALE_DELAY.getKey(), TimeValue.ZERO).build()
    );
    final PutAutoscalingPolicyAction.Request request = new PutAutoscalingPolicyAction.Request(
        TEST_REQUEST_TIMEOUT,
        TEST_REQUEST_TIMEOUT,
        ""ml_test"",",requirement
46895,8,"/*
         * The following two lines assert current behavior that might not be desirable -- we continue to delete expired databases every
         * time that runDownloader runs. This seems unnecessary.
         */",how-to,"}
for (int i = 0; i < unexpiredDatabasesCount; i++) {
    assertThat(
        geoIpDownloader.state.getDatabases().get(""unexpiredDatabase"" + i).lastCheck(),
        greaterThanOrEqualTo(Instant.now().minus(30, ChronoUnit.DAYS).toEpochMilli())
    );
}
assertThat(deleteCount.get(), equalTo(expiredDatabasesCount));
assertThat(updatePersistentTaskStateCount.get(), equalTo(expiredDatabasesCount));
geoIpDownloader.runDownloader();","    assertThat(deleteCount.get(), equalTo(expiredDatabasesCount * 2));
    assertThat(updatePersistentTaskStateCount.get(), equalTo(expiredDatabasesCount * 2));
}

private GeoIpTaskState.Metadata newGeoIpTaskStateMetadata(boolean expired) {
    Instant lastChecked;
    if (expired) {
        lastChecked = Instant.now().minus(randomIntBetween(31, 100), ChronoUnit.DAYS);
    } else {
        lastChecked = Instant.now().minus(randomIntBetween(0, 29), ChronoUnit.DAYS);",code
47430,8,// TODO: we have no CannedAnalyzer?,requirement,"Token t1 = new Token();      // Token without an increment
t1.setPositionIncrement(0);
Token t2 = new Token();
t2.setPositionIncrement(1);  // Normal token with one increment
Token t3 = new Token();
t2.setPositionIncrement(2);  // Funny token with more than one increment
int finalTokenIncrement = 4; // Final token increment
Token[] tokens = new Token[] { t1, t2, t3 };
Collections.shuffle(Arrays.asList(tokens), random());
final TokenStream tokenStream = new CannedTokenStream(finalTokenIncrement, 0, tokens);","    // TODO: we have no CannedAnalyzer?
    return new Analyzer() {
        @Override
        public TokenStreamComponents createComponents(String fieldName) {
            return new TokenStreamComponents(new MockTokenizer(), tokenStream);
        }
    };
}

public void testParseNullValue() throws Exception {",how-to
54528,11,// doesn't make much sense in the context of a list...,impractical-case,"void mergeEmptyChild() {
	ManagedList parent = ManagedList.of(""one"", ""two"");
	ManagedList child = new ManagedList();
	child.setMergeEnabled(true);
	List mergedList = child.merge(parent);
	assertThat(mergedList).as(""merge() obviously did not work."").containsExactly(""one"", ""two"");
}

@Test
void mergedChildValuesDoNotOverrideTheParents() {","		// doesn't make much sense in the context of a list...
		ManagedList parent = ManagedList.of(""one"", ""two"");
		ManagedList child = ManagedList.of(""one"");
		child.setMergeEnabled(true);
		List mergedList = child.merge(parent);
		assertThat(mergedList).as(""merge() obviously did not work."").containsExactly(""one"", ""two"", ""one"");
	}

}",how-to
58280,11,// TODO: Reactor usually times out on Windows ...,code,"try {
	StepVerifier.create(result)
			.consumeNextWith(value -> assertThat(value.length()).isEqualTo((64 * 1024)))
			.expectComplete()
			.verify(Duration.ofSeconds(10L));
}
catch (AssertionError err) {
	String os = System.getProperty(""os.name"").toLowerCase();
	if (os.contains(""windows"") && err.getMessage() != null &&
			err.getMessage().startsWith(""VerifySubscriber timed out"")) {","			// TODO: Reactor usually times out on Windows ...
			err.printStackTrace();
			return;
		}
		throw err;
	}
}

@ParameterizedHttpServerTest  // SPR-14992
void writeAndAutoFlushBeforeComplete(HttpServer httpServer) throws Exception {",defect
146929,40,"// note, we get a buffer underflow exception instead of an OOME, even though the encoded size
// would be 2,147,483,647 aka 2.1 GB, probably larger than the available heap",how-to,"    byte[] input = {-1, -1, -1, -2};
    final ByteBuffer buffer = ByteBuffer.wrap(input);
    assertThrows(NegativeArraySizeException.class, () -> Utils.getNullableSizePrefixedArray(buffer));
}

@Test
public void getNullableSizePrefixedArrayUnderflow() {
    // Integer.MAX_VALUE
    byte[] input = {127, -1, -1, -1};
    final ByteBuffer buffer = ByteBuffer.wrap(input);","    assertThrows(BufferUnderflowException.class, () -> Utils.getNullableSizePrefixedArray(buffer));
}

@Test
public void utf8ByteArraySerde() {
    String utf8String = ""A\u00ea\u00f1\u00fcC"";
    byte[] utf8Bytes = utf8String.getBytes(StandardCharsets.UTF_8);
    assertArrayEquals(utf8Bytes, Utils.utf8(utf8String));
    assertEquals(utf8Bytes.length, Utils.utf8Length(utf8String));
    assertEquals(utf8String, Utils.utf8(utf8Bytes));",defect
176427,56,// Ignoring this test on ActiveDirectory (same for rhds) as it's not allowed to have LDAP group referencing nonexistent member. KEYCLOAK-2682 was related to OpenLDAP TODO: Better solution than programmatic...,skip-test,"    });
}

@Test
public void test09_emptyMemberOnDeletionWorks() {
    testingClient.server().run(session -> {
        LDAPTestContext ctx = LDAPTestContext.init(session);
        RealmModel appRealm = ctx.getRealm();
        ComponentModel mapperModel = LDAPTestUtils.getSubcomponentByName(appRealm, ctx.getLdapModel(), ""groupsMapper"");
","// Ignoring this test on ActiveDirectory (same for rhds) as it's not allowed to have LDAP group referencing nonexistent member. KEYCLOAK-2682 was related to OpenLDAP TODO: Better solution than programmatic...
LDAPConfig ldapConfig = ctx.getLdapProvider().getLdapIdentityStore().getConfig();
if (ldapConfig.isActiveDirectory() || LDAPConstants.VENDOR_RHDS.equals(ldapConfig.getVendor())) {
    return;
}

// create a group with an existing user alone
String descriptionAttrName = getGroupDescriptionLDAPAttrName(ctx.getLdapProvider());
LDAPObject deleteGroup = LDAPTestUtils.createLDAPGroup(session, appRealm, ctx.getLdapModel(), ""deletegroup"", descriptionAttrName, ""deletegroup - description"");
LDAPObject maryLdap = ctx.getLdapProvider().loadLDAPUserByUsername(appRealm, ""marykeycloak"");",temporary-fix
235091,64,"// The exceedingly dumb approach: writing all the permutations down manually
// is simply easier than any way of generating them.",temporary-fix,"}

@Test
public void testTestCaseNamesOrdered() throws Exception {
  TestCase[] details = {
    newDetail(""apple"", TestCase.Status.FAILED, 1000L),
    newDetail(""banana"", TestCase.Status.FAILED, 1000L),
    newDetail(""cranberry"", TestCase.Status.FAILED, 1000L)
  };
","int[][] permutations = {
    { 0, 1, 2 },
    { 0, 2, 1 },
    { 1, 0, 2 },
    { 1, 2, 0 },
    { 2, 0, 1 },
    { 2, 1, 0 }
};

for (int[] permutation : permutations) {",code
237511,64,// TODO b/300201845 - encapsulate parents and childs private attributes,design,"      .containsExactly(""dep"");
  assertThat(
          Sequence.cast(parentInfo.getValue(""tools""), ConfiguredTarget.class, ""tools"").stream()
              .map(ConfiguredTarget::getLabel)
              .map(Label::getName))
      .containsExactly(""tool_child"");
}

@Test
public void extendRule_attributeCollision() throws Exception {","// TODO b/300201845 - encapsulate parents and childs private attributes
scratchParentRule(""parent_library"");
scratch.file(
    ""extend_rule_testing/child.bzl"",
    """"""
    load(""//extend_rule_testing/parent:parent.bzl"", ""parent_library"")

    def _impl(ctx):
        pass
",code
245893,66,// TODO Auto-generated catch block,requirement,"Thread t = new Thread() {
    public void run() {
         Assertions.assertFalse(writeLock.isHeldByCurrentThread());
         Assertions.assertTrue(writeLock.isLocked());
         Assertions.assertFalse(lock.readLock().tryLock());
         Assertions.assertFalse(redisson.getReadWriteLock(""lock"").readLock().tryLock());

         try {
            Thread.sleep(1000);
        } catch (InterruptedException e) {","            // TODO Auto-generated catch block
            e.printStackTrace();
        }

         Assertions.assertTrue(lock.readLock().tryLock());
         Assertions.assertTrue(redisson.getReadWriteLock(""lock"").readLock().tryLock());
    };
};

t.start();",code
247402,69,"// Tests are not final, methods currently just generate documentation as MD tables.",requirement,"
import java.util.Arrays;
import java.util.List;
import java.util.Locale;
import java.util.stream.Collectors;
import org.openapitools.codegen.languages.features.DocumentationProviderFeatures.AnnotationLibrary;
import org.openapitools.codegen.languages.features.DocumentationProviderFeatures.DocumentationProvider;
import org.testng.Assert;
import org.testng.annotations.Test;
","// Tests are not final, methods currently just generate documentation as MD tables.
public class DocumentationProviderFeaturesTest {

  @Test(priority = 0)
  void generateDocumentationProviderTable() {
    List<DocumentationProvider> providers = Arrays.asList(DocumentationProvider.values());
    StringBuilder sb = new StringBuilder();
    sb.append(""### DocumentationProvider\n"");
    sb.append(""|Cli Option|Description|Property Name|Preferred Annotation Library|Supported Annotation Libraries|\n"");
    sb.append(""|----------|-----------|-------------|----------------------------|------------------------------|\n"");",superficial-test
253440,69,// TODO: test Pet,temporary-fix," * Model tests for Pet
 */
class PetTest {
    private final Pet model = new Pet();

    /**
     * Model tests for Pet
     */
    @Test
    void testPet() {","    // TODO: test Pet
}

/**
 * Test the property 'id'
 */
@Test
void idTest() {
    // TODO: test id
}",requirement
322344,81,// I have put this as it was complaining about systemid,temporary-fix,"public void testcase13() throws Exception {
    String outputFile = USER_DIR + ""saxtf013.out"";
    String goldFile = GOLDEN_DIR + ""saxtf013GF.out"";
    try(FileInputStream fis = new FileInputStream(XML_FILE)) {
        // The transformer will use a SAX parser as it's reader.
        XMLReader reader = XMLReaderFactory.createXMLReader();

        SAXTransformerFactory saxTFactory
                = (SAXTransformerFactory) TransformerFactory.newInstance();
        TemplatesHandler thandler = saxTFactory.newTemplatesHandler();","// I have put this as it was complaining about systemid
thandler.setSystemId(""file:///"" + USER_DIR);

reader.setContentHandler(thandler);
reader.parse(XSLT_FILE);
XMLFilter filter
        = saxTFactory.newXMLFilter(thandler.getTemplates());
filter.setParent(reader);

filter.setContentHandler(new MyContentHandler(outputFile));",how-to
327554,81,// TODO: should this check *any* reference to http://download.oracle.com/,how to,"""""""
    <a href=""../../technotes/guides/index.html"">
                Test document 1</a>"""""",
""""""
    <a href=""../pkg2/C2.html"">
                Another Test document 1</a>"""""",
""""""
    <a href=""../technotes/guides/index.html"">
                Another Test document 2.</a>"""""");
","// TODO: should this check *any* reference to http://download.oracle.com/
checkOutput(""pkg1/C1.html"", false,
    """"""
        <a href=""http://download.oracle.com/javase/7/docs/technotes/guides/index.html"">"""""",
    """"""
        <a href=""http://download.oracle.com/javase/7/docs/pkg2/C2.html"">"""""");

checkOutput(""pkg1/package-summary.html"", false,
    """"""
        <a href=""http://download.oracle.com/javase/7/docs/technotes/guides/index.html"">"""""",",how-to
339027,81,"// This is a bit shaky. It doesn't handle continuation
// lines, but our client shouldn't send any.
// Read a line from the input stream, swallowing the final
// \r\n sequence. Stops at the first \n, doesn't complain
// if it wasn't preceded by '\r'.
//",temporary-fix,"final ServerSocket ss;
final boolean secure;
ConcurrentLinkedQueue<Socket> connections = new ConcurrentLinkedQueue<>();
volatile boolean stopped;
DummyServer(ServerSocket ss, boolean secure) {
    super(""DummyServer["" + ss.getLocalPort()+""]"");
    this.secure = secure;
    this.ss = ss;
}
","String readLine(InputStream r) throws IOException {
    StringBuilder b = new StringBuilder();
    int c;
    while ((c = r.read()) != -1) {
        if (c == '\n') break;
        b.appendCodePoint(c);
    }
    if (b.codePointAt(b.length() -1) == '\r') {
        b.delete(b.length() -1, b.length());
    }",superficial-test
357955,81,"// Compact Pattern Data Provider provides test input for both DecimalFormat patterns
// and the compact patterns. As there is no method to retrieve compact patterns,
// thus test only against US English locale, and use a hard coded K - 1000",multi,"private static Stream<Arguments> currencyValidParseStrings() {
    return validParseStrings().map(args -> Arguments.of(
            cFmt.getPositivePrefix() + String.valueOf(args.get()[0])
                    .replace(dfs.getGroupingSeparator(), dfs.getMonetaryGroupingSeparator())
                    .replace(dfs.getDecimalSeparator(), dfs.getMonetaryDecimalSeparator())
                    + cFmt.getPositiveSuffix(),
            args.get()[1])
    );
}
","private static Stream<Arguments> compactBadParseStrings() {
    return Stream.concat(
            badParseStrings().map(args -> Arguments.of(args.get()[0], args.get()[1])),
            badParseStrings().map(args -> Arguments.of(args.get()[0] + ""K"", args.get()[1]))
    );
}

private static Stream<Arguments> compactValidParseStrings() {
    return Stream.concat(
            validParseStrings().map(args -> Arguments.of(",subset-test
380596,104,// TODO(adriancole): Find a home for this generic conversion between Call and Java 8.,how-to,"  };

  http.newCall(supplier, NULL, ""test"").execute();

  AggregatedHttpRequest request = server.takeRequest().request();
  assertThat(request.method()).isEqualTo(HttpMethod.POST);
  assertThat(request.path()).isEqualTo(""/"");
  assertThat(request.contentUtf8()).isEqualTo(""hello world"");
}
","// TODO(adriancole): Find a home for this generic conversion between Call and Java 8.
static final class CompletableCallback<T> extends CompletableFuture<T> implements Callback<T> {

  @Override public void onSuccess(T value) {
    complete(value);
  }

  @Override public void onError(Throwable t) {
    completeExceptionally(t);
  }",refactor
443779,128,"/**
 * Note that {@link java.net.Socket#setSendBufferSize(int)} is only a hint.
 * If this test is flaky it should be ignored.  See HADOOP-13351.
 */",how-to," */
@Test
public void testDefaultSendBufferSize() throws IOException {
  final int sendBufferSize = getSendBufferSize(new Configuration());
  LOG.info(""If not specified, the auto tuned send buffer size is: {}"",
      sendBufferSize);
  assertTrue(""Send buffer size should be non-negative value which is "" +
      ""determined by system (kernel)."", sendBufferSize > 0);
}
","@Test
public void testSpecifiedSendBufferSize() throws IOException {
  final Configuration conf1 = new Configuration();
  conf1.setInt(DFS_CLIENT_SOCKET_SEND_BUFFER_SIZE_KEY, 256 * 1024); // 256 KB
  final int sendBufferSize1 = getSendBufferSize(conf1);

  final Configuration conf2 = new Configuration();
  conf2.setInt(DFS_CLIENT_SOCKET_SEND_BUFFER_SIZE_KEY, 1024);       // 1 KB
  final int sendBufferSize2 = getSendBufferSize(conf2);
",skip-test
479880,129,// TODO: should return count on first table instead,defect,"                    ""        Lt Join Fast Scan\n"" +
                    ""            PageFrame\n"" +
                    ""                Row forward scan\n"" +
                    ""                Frame forward scan on: a\n"" +
                    ""            PageFrame\n"" +
                    ""                Row forward scan\n"" +
                    ""                Frame forward scan on: a\n""
    );
}
","@Test // TODO: should return count on first table instead
public void testSelectCount12() throws Exception {
    assertPlan(
            ""create table a ( i int, ts timestamp ) timestamp(ts)"",
            ""select count(*) from (select * from a asof join a b) "",
            ""Count\n"" +
                    ""    SelectedRecord\n"" +
                    ""        AsOf Join Fast Scan\n"" +
                    ""            PageFrame\n"" +
                    ""                Row forward scan\n"" +",requirement
496095,135,"// TODO in theory there shouldn't be any ledgers left if we are using readers.
//  However, trimming of ledgers are piggy packed onto ledger operations.
//  So if there isn't new data coming in, trimming never occurs.
//  We need to trigger trimming on a schedule to actually delete all remaining ledgers",impractical-case,"try {
    // try to send over backlog quota and make sure it fails
    for (int i = 0; i < numMsgs; i++) {
        content[0] = (byte) (content[0] + 1);
        msgId = (MessageIdImpl) producer.send(content);
    }
} catch (PulsarClientException ce) {
    fail(""Should not have gotten exception: "" + ce.getMessage());
}
","MessageIdImpl finalMsgId = msgId;
Awaitility.await().untilAsserted(() -> {
    // make sure ledgers are trimmed
    PersistentTopicInternalStats internalStats =
            admin.topics().getInternalStats(topic1, false);

    // check there is only one ledger left
    assertEquals(internalStats.ledgers.size(), 1);
});
",requirement
509486,140,// TODO: Maven and Gradle give different return codes,requirement,"CliDriver.invokeExtensionAddQute(project, buildGradle);
CliDriver.invokeExtensionAddRedundantQute(project);
CliDriver.invokeExtensionListInstallable(project);
CliDriver.invokeExtensionAddMultiple(project, buildGradle);
CliDriver.invokeExtensionRemoveQute(project, buildGradle);
CliDriver.invokeExtensionRemoveMultiple(project, buildGradle);

CliDriver.invokeExtensionListInstallableSearch(project);
CliDriver.invokeExtensionListFormatting(project);
","    // TODO: Maven and Gradle give different return codes
    result = CliDriver.invokeExtensionRemoveNonexistent(project);
    Assertions.assertEquals(CommandLine.ExitCode.OK, result.exitCode,
            ""Expected OK return code. Result:\n"" + result);
}

@Test
public void testBuildOptions() throws Exception {
    CliDriver.Result result = CliDriver.execute(workspaceRoot, ""create"", ""app"", ""--gradle"", ""-e"", ""-B"", ""--verbose"");
    Assertions.assertEquals(CommandLine.ExitCode.OK, result.exitCode, ""Expected OK return code."" + result);",build
542274,145,"// The test .equals fails on a comparison of row  vs column vector.
//TODO: possibly figure out what's going on here at some point?
// - Adam",defect,"                    log.error(""Error with view"",t);
                }
            }
        }
    }
}


@Test
@Disabled //added recently: For some reason this is passing.","public void testTensorGet(Nd4jBackend backend) {
    INDArray threeTwoTwo = Nd4j.linspace(1, 12, 12).reshape(3, 2, 2);
    /*
    * [[[  1.,   7.],
    [  4.,  10.]],

    [[  2.,   8.],
    [  5.,  11.]],

    [[  3.,   9.],",how-to
546934,149,"// This is disabled since OverlordResource.getTaskStatus() is annotated with TaskResourceFilter which is supposed to
// set authorization token properly, but isn't called in this test.
// This should be fixed in https://github.com/apache/druid/issues/6685.
// expectAuthorizationTokenCheck();",defect,"  final TaskPayloadResponse taskPayloadResponse2 = TestHelper.makeJsonMapper().readValue(
      TestHelper.makeJsonMapper().writeValueAsString(response2.getEntity()),
      TaskPayloadResponse.class
  );
  Assert.assertEquals(new TaskPayloadResponse(""othertask"", null), taskPayloadResponse2);
}

@Test
public void testGetTaskStatus() throws Exception
{","final Task task = NoopTask.create();
final String taskId = task.getId();
final TaskStatus status = TaskStatus.running(taskId);

EasyMock.expect(taskQueryTool.getTaskInfo(taskId))
        .andReturn(new TaskInfo(
            task.getId(),
            DateTimes.of(""2018-01-01""),
            status,
            task.getDataSource(),",skip-test
612491,204,"// assertThat(activity.consumerIrManager).isNotNull(); // TODO API 19
// assertThat(activity.countryDetector).isNotNull(); // hidden API",requirement,"assertThat(activity.audioManager).isNotNull();
// assertThat(activity.backupManager).isNotNull(); // hidden API
// assertThat(activity.batteryManager).isNotNull(); // TODO API 21
// assertThat(activity.bluetoothManager).isNotNull(); // TODO API 18
// assertThat(activity.cameraManager).isNotNull(); // hidden API
// assertThat(activity.captioningManager).isNotNull(); // TODO API 19
// assertThat(activity.carrierConfigManager).isNotNull(); // TODO API 23
assertThat(activity.contentClipboardManager).isNotNull();
assertThat(activity.textClipboardManager).isNotNull();
assertThat(activity.connectivityManager).isNotNull();","assertThat(activity.devicePolicyManager).isNotNull();
// assertThat(activity.displayManager).isNotNull(); // TODO API 17
assertThat(activity.downloadManager).isNotNull();
assertThat(activity.dropBoxManager).isNotNull();
// assertThat(activity.ethernetManager).isNotNull(); // hidden API
// assertThat(activity.fingerprintManager).isNotNull(); // TODO API 23
// assertThat(activity.hardwarePropertiesManager).isNotNull(); // TODO API 24
// assertThat(activity.hdmiControlManager).isNotNull(); // hidden API
// assertThat(activity.inputManager).isNotNull();
assertThat(activity.inputMethodManager).isNotNull();",code
625831,211,// TODO: Add DELTA_LAKE_DATABRICKS groups once flakiness on Databricks is resolved,temporary-fix,"        assertThatThrownBy(() -> onTrino().executeQuery(""UPDATE delta.default."" + tableName + "" SET a = 3""))
                .hasMessageContaining(""Check constraint violation"");
        assertThat(onTrino().executeQuery(""SELECT * FROM delta.default."" + tableName))
                .containsOnly(row(2));
    }
    finally {
        dropDeltaTableWithRetry(""default."" + tableName);
    }
}
","// TODO: Add DELTA_LAKE_DATABRICKS groups once flakiness on Databricks is resolved
@Test(groups = {DELTA_LAKE_OSS, PROFILE_SPECIFIC_TESTS})
public void testCheckConstraintMergeCompatibility()
{
    String tableName1 = ""test_check_constraint_merge_"" + randomNameSuffix();
    String tableName2 = ""test_check_constraint_merge_"" + randomNameSuffix();

    onDelta().executeQuery(""CREATE TABLE default."" + tableName1 +
            ""(a INT) "" +
            ""USING DELTA "" +",skip-test
639477,211,// TODO throw new UnsupportedOperationException();,code,"        assertQuery(""SELECT one, three FROM "" + testTable.getName(), ""SELECT 123, 'test'"");
    }
}

/**
 * Creates a table with columns {@code one, two, three} where the middle one is of an unsupported (unmapped) type.
 * The first column should be numeric, and third should be varchar.
 */
protected TestTable createTableWithUnsupportedColumn()
{","    // TODO throw new UnsupportedOperationException();
    return abort(""Not implemented"");
}

// TODO move common tests from connector-specific classes here

@Test
public void testCharTrailingSpace()
{
    String schema = getSession().getSchema().orElseThrow();",requirement
639634,211,// TODO https://github.com/trinodb/trino/issues/18499,defect,"            .build();
}

/**
 * This method relies on global state of QueryTracker. It may fail because of QueryTracker.pruneExpiredQueries()
 * You must ensure that query was issued and this method invoked in isolation -
 * which guarantees that there is less other queries between query creation and obtaining query info than `query.max-history`
 */
private long getPhysicalInputPositions(QueryId queryId)
{","        // TODO https://github.com/trinodb/trino/issues/18499
        return getDistributedQueryRunner().getCoordinator()
                .getQueryManager()
                .getFullQueryInfo(queryId)
                .getQueryStats()
                .getPhysicalInputPositions();
    }
}",requirement
640124,211,// TODO: Empty tables should have NDV as 0 and nulls fraction as 1,defect,"                        ""(null, null, null, null, 15000, null, null)"");
    }
    finally {
        assertUpdate(""DROP TABLE "" + tableName);
    }
}

@Override
protected void checkEmptyTableStats(String tableName)
{","    // TODO: Empty tables should have NDV as 0 and nulls fraction as 1
    assertQuery(
            ""SHOW STATS FOR "" + tableName,
            ""VALUES "" +
                    ""('orderkey', null, null, null, null, null, null),"" +
                    ""('custkey', null, null, null, null, null, null),"" +
                    ""('orderpriority', null, null, null, null, null, null),"" +
                    ""('comment', null, null, null, null, null, null),"" +
                    ""(null, null, null, null, null, null, null)"");
}",requirement
643426,211,// TODO Remove this overriding test once kudu connector can create tables with default partitions,refactor,"    assertUpdate(""CREATE TABLE "" + tableName + "" (a bigint WITH (primary_key=true)) COMMENT 'test comment' "" +
            ""WITH (partition_by_hash_columns = ARRAY['a'], partition_by_hash_buckets = 2)"");
    assertThat(getTableComment(tableName)).isEqualTo(""test comment"");

    assertUpdate(""DROP TABLE "" + tableName);
}

@Override
protected void testCreateTableWithTableCommentSpecialCharacter(String comment)
{","    // TODO Remove this overriding test once kudu connector can create tables with default partitions
    try (TestTable table = newTrinoTable(
            ""test_create_"",
            ""(a bigint WITH (primary_key=true)) COMMENT "" + varcharLiteral(comment) +
                    ""WITH (partition_by_hash_columns = ARRAY['a'], partition_by_hash_buckets = 2)"")) {
        assertThat(getTableComment(table.getName())).isEqualTo(comment);
    }
}

@Override",dependency
671397,213,"// Modify the magic / type marker. In the current implementation, getting the FRP data block
// size does not check digest.",requirement,"
@Test
@Parameters({""false"", ""true""})
public void getFrpDataBlockSizeGrantedByUid(boolean frpEnabled) throws Exception {
    setUp(frpEnabled);
    assertThat(mInterface.write(SMALL_DATA)).isEqualTo(SMALL_DATA.length);

    mPdbService.setAllowedUid(Binder.getCallingUid());
    assertThat(mInterface.getDataBlockSize()).isEqualTo(SMALL_DATA.length);
","    tamperWithMagic();
    assertThat(mInterface.getDataBlockSize()).isEqualTo(0);
}

@Test
@Parameters({""false"", ""true""})
public void getFrpDataBlockSizeGrantedByPermission(boolean frpEnabled) throws Exception {
    setUp(frpEnabled);
    assertThat(mInterface.write(SMALL_DATA)).isEqualTo(SMALL_DATA.length);
",code
673606,213,"/**
 * Tests for FingerprintGestureController.
 * TODO: These tests aren't really for server code, so this isn't their ideal home.
 */",impractical-case,"import android.accessibilityservice.FingerprintGestureController.FingerprintGestureCallback;
import android.accessibilityservice.IAccessibilityServiceConnection;

import com.android.server.accessibility.test.MessageCapturingHandler;

import org.junit.Before;
import org.junit.Test;
import org.mockito.Mock;
import org.mockito.MockitoAnnotations;
","public class FingerprintGestureControllerTest {
    @Mock IAccessibilityServiceConnection mMockAccessibilityServiceConnection;
    @Mock FingerprintGestureCallback mMockFingerprintGestureCallback;
    FingerprintGestureController mFingerprintGestureController;

    @Before
    public void setUp() {
        MockitoAnnotations.initMocks(this);
        mFingerprintGestureController =
                new FingerprintGestureController(mMockAccessibilityServiceConnection);",code
674360,213,// TODO(b/111889696): Remove the user 0 assumption once we support multi-user,temporary-fix,"    assertThat(
            Settings.Secure.getInt(
                    mTestableContext.getContentResolver(),
                    Settings.Secure.ACCESSIBILITY_DISPLAY_MAGNIFICATION_ENABLED,
                    AccessibilityUtils.State.OFF)
    ).isEqualTo(AccessibilityUtils.State.ON);
}

@Test
public void enableShortcutsForTargets_disableTripleTapShortcut_settingUpdated() {","// TODO(b/111889696): Remove the user 0 assumption once we support multi-user
assumeTrue(""The test is setup to run as a user 0"",
        isSameCurrentUser(mA11yms, mTestableContext));
enableShortcutsForTargets_enableTripleTapShortcut_settingUpdated();

mA11yms.enableShortcutsForTargets(
        /* enable= */ false,
        UserShortcutType.TRIPLETAP,
        List.of(TARGET_MAGNIFICATION),
        mA11yms.getCurrentUserIdLocked());",requirement
690682,213,"// TODO(b/292141694): build out Ravenwood support for Context
// Ravenwood doesn't yet provide a Context, but many SysUI tests assume one exists;
// so here we construct just enough of a Context to be useful; this will be replaced
// as more of the Ravenwood environment is built out",requirement,"        // Manually associate a Display to context for Robolectric test. Similar to b/214297409
        return context.createDefaultDisplayContext();
    } else {
        return context;
    }
}

@NonNull
private Context getTestableContextBase() {
    if (isRavenwoodTest()) {","return new MockContext() {
    @Override
    public void setTheme(int resid) {
        // TODO(b/318393625): build out Ravenwood support for Resources
        // until then, ignored as no-op
    }

    @Override
    public Resources getResources() {
        // TODO(b/318393625): build out Ravenwood support for Resources",temporary-fix
692038,213,"// We should not have received any rollback requests yet.
// TODO: Possibly flaky if, by chance, some other app on device
// happens to be rolled back at the same time?",how to,"assertThat(InstallUtils.getInstalledVersion(TestApp.A)).isEqualTo(2);

// The app should now be available for rollback.
RollbackInfo available = waitForAvailableRollback(TestApp.A);
assertThat(available).isNotStaged();
assertThat(available).packagesContainsExactly(
        Rollback.from(TestApp.A2).to(TestApp.A1));
assertThat(available.getRollbackImpactLevel()).isEqualTo(
        PackageManager.ROLLBACK_USER_IMPACT_HIGH);
","assertThat(broadcastReceiver.poll(0, TimeUnit.SECONDS)).isNull();

// Roll back the app.
RollbackUtils.rollback(available.getRollbackId());
assertThat(InstallUtils.getInstalledVersion(TestApp.A)).isEqualTo(1);

UserManager um = (UserManager) context.getSystemService(context.USER_SERVICE);
List<Integer> userIds = um.getAliveUsers()
        .stream().map(user -> user.id).collect(Collectors.toList());
assertThat(InstallUtils.isOnlyInstalledForUser(TestApp.A,",how-to
707839,224,// TODO(emcmanus): remove the no-op `& 0xfff_ffff`,requirement,"    .isEqualTo(""(~set$0 & 1) != 0"");
assertThat(builderRequiredPropertiesWithDefaults(1).getAnyMissing())
    .isEqualTo(""(~set$0 & 3) != 0"");
assertThat(builderRequiredPropertiesWithDefaults(15).getAnyMissing())
    .isEqualTo(""(~set$0 & 0xffff) != 0"");
assertThat(builderRequiredPropertiesWithDefaults(16).getAnyMissing())
    .isEqualTo(""(~set$0 & 0x1_ffff) != 0"");
assertThat(builderRequiredPropertiesWithDefaults(17).getAnyMissing())
    .isEqualTo(""(~set$0 & 0x3_ffff) != 0"");
","// TODO(emcmanus): remove the no-op `& 0xfff_ffff`
assertThat(builderRequiredPropertiesWithDefaults(31).getAnyMissing())
    .isEqualTo(""(~set$0 & 0xffff_ffff) != 0"");
assertThat(builderRequiredPropertiesWithDefaults(32).getAnyMissing())
    .isEqualTo(""(~set$0 & 0xffff_ffff) != 0\n|| (~set$1 & 1) != 0"");
assertThat(builderRequiredPropertiesWithDefaults(33).getAnyMissing())
    .isEqualTo(""(~set$0 & 0xffff_ffff) != 0\n|| (~set$1 & 3) != 0"");
assertThat(builderRequiredPropertiesWithDefaults(63).getAnyMissing())
    .isEqualTo(""(~set$0 & 0xffff_ffff) != 0\n|| (~set$1 & 0xffff_ffff) != 0"");
assertThat(builderRequiredPropertiesWithDefaults(64).getAnyMissing())",refactor
743842,230,"// TODO: Remove this line, and replace 'clusterManagerRole' with CLUSTER_MANAGER_ROLE, after MASTER_ROLE is removed.
// It is added in 2.0, along with the introduction of CLUSTER_MANAGER_ROLE, aims to test the 2 roles have the same effect.",temporary-fix,"        public Path nodeConfigPath(int nodeOrdinal) {
            return null;
        }
    },
    0,
    """",
    mockPlugins(),
    Function.identity()
);
cluster.beforeTest(random());","DiscoveryNodeRole clusterManagerRole = randomFrom(DiscoveryNodeRole.CLUSTER_MANAGER_ROLE, DiscoveryNodeRole.MASTER_ROLE);
List<DiscoveryNodeRole> roles = new ArrayList<>();
for (int i = 0; i < numNodes; i++) {
    final DiscoveryNodeRole role = i == numNodes - 1 && roles.contains(clusterManagerRole) == false
        ? clusterManagerRole  // last node and still no cluster-manager
        : randomFrom(clusterManagerRole, DiscoveryNodeRole.DATA_ROLE, DiscoveryNodeRole.INGEST_ROLE);
    roles.add(role);
}

cluster.setBootstrapClusterManagerNodeIndex(",refactor
746072,238,"// Due to a mockito issue, only spy the object after setting the initial state",dependency,"
@Before
public void setup() {
    MockitoAnnotations.initMocks(this);
    Context mTargetContext = InstrumentationRegistry.getTargetContext();
    final View view = new View(mTargetContext);
    RotationButton rotationButton = mock(RotationButton.class);
    mRotationButtonController = new RotationButtonController(mTargetContext, 0, 0, 0, 0, 0, 0,
            () -> 0);
    mRotationButtonController.setRotationButton(rotationButton, null);","    // Due to a mockito issue, only spy the object after setting the initial state
    mRotationButtonController = spy(mRotationButtonController);
    final AnimatedVectorDrawable kbd = mock(AnimatedVectorDrawable.class);
    doReturn(view).when(rotationButton).getCurrentView();
    doReturn(true).when(rotationButton).acceptRotationProposal();
}

@Test
public void testOnInvalidRotationProposal() {
    mRotationButtonController.onRotationProposal(DEFAULT_ROTATE + 1,",temporary-fix
757427,255,"// Query with cube and arithmetic expr
// TODO(kks): enable this later if we support cube",temporary-fix,"// aggregation materialized view.
@Test
public void testGroupingSetQueryOnAggMV() throws Exception {
    String createMVSQL = ""create materialized view "" + EMPS_MV_NAME + "" as select empid, deptno, sum(salary) "" +
            ""from "" + EMPS_TABLE_NAME + "" group by empid, deptno;"";
    String query = ""select sum(salary), empid, deptno from "" + EMPS_TABLE_NAME + "" group by rollup(empid,deptno);"";
    starRocksAssert.withMaterializedView(createMVSQL);
    starRocksAssert.query(query).explainContains(QUERY_USE_EMPS_MV);
}
","@Test
public void testAggQueryOnAggMV9() throws Exception {
    String createMVSQL = ""create materialized view "" + EMPS_MV_NAME + "" as select deptno, commission, sum(salary) ""
            + ""from "" + EMPS_TABLE_NAME + "" group by deptno, commission;"";
    String query = ""select deptno, commission, sum(salary) + 1 from "" + EMPS_TABLE_NAME
            + "" group by cube(deptno,commission);"";
    starRocksAssert.withMaterializedView(createMVSQL);
    starRocksAssert.query(query).explainContains(QUERY_USE_EMPS_MV);
}
",skip-test
769130,269,"//""/path/to/cassandra/data/dir2/dir5/dir6/backups/backups/snapshots/snapshots/nb-3g1m_0nuf_3vj5m2k1125165rxa7-big-Index.db"", #not supported (CASSANDRA-14013)",requirement,"testKeyspaceTableParsing(filePathsWithBackupsKeyspaceAndTable, ""backups"", ""backups"");

// what if legacy keyspace and table is called backups?

String[] legacyFilePathsWithBackupsKeyspaceAndTable = new String[]{
""/path/to/cassandra/data/dir2/dir5/dir6/backups/backups/na-1-big-Index.db"",
""/path/to/cassandra/data/dir2/dir5/dir6/backups/backups/nb-1-big-TOC.txt"",
//""/path/to/cassandra/data/dir2/dir5/dir6/backups/backups/snapshots/snapshots/na-1-big-Index.db"", #not supported (CASSANDRA-14013)
""/path/to/cassandra/data/dir2/dir5/dir6/backups/backups/backups/na-1-big-Index.db"",
""/path/to/cassandra/data/dir2/dir5/dir6/backups/backups/nb-3g1m_0nuf_3vj5m2k1125165rxa7-big-Index.db"",","//""/path/to/cassandra/data/dir2/dir5/dir6/backups/backups/snapshots/snapshots/nb-3g1m_0nuf_3vj5m2k1125165rxa7-big-Index.db"", #not supported (CASSANDRA-14013)
""/path/to/cassandra/data/dir2/dir5/dir6/backups/backups/backups/nb-3g1m_0nuf_3vj5m2k1125165rxa7-big-Index.db"",
};

testKeyspaceTableParsing(legacyFilePathsWithBackupsKeyspaceAndTable, ""backups"", ""backups"");

// what if even a snapshot of a keyspace and table called backups is called snapshots?

String[] filePathsWithBackupsKeyspaceAndTableWithIndices = new String[]{
""/path/to/cassandra/data/dir2/dir5/dir6/backups/backups-74273842738947874273842738947878/.index/na-1-big-Index.db"",",dependency
831173,303,// Using deprecated constructor for verification of backwards compatibility,temporary-fix,"        CassandraContainer<?> cassandraContainer = new CassandraContainer<>(
            DockerImageName.parse(""cassandra:2.2.11"")
        )
            .withInitScript(""initial.cql"")
    ) {
        cassandraContainer.start();
        testInitScript(cassandraContainer);
    }
}
","@SuppressWarnings(""deprecation"") // Using deprecated constructor for verification of backwards compatibility
@Test
public void testCassandraQueryWaitStrategy() {
    try (
        CassandraContainer<?> cassandraContainer = new CassandraContainer<>()
            .waitingFor(new CassandraQueryWaitStrategy())
    ) {
        cassandraContainer.start();
        ResultSet resultSet = performQuery(cassandraContainer, BASIC_QUERY);
        assertThat(resultSet.wasApplied()).as(""Query was applied"").isTrue();",code
845325,308,// TODO: Remove once Distributions has shipped.,temporary-fix,"public class SimpleParDoFnTest {
  @Rule public ExpectedException thrown = ExpectedException.none();

  private PipelineOptions options;
  private TestOperationContext operationContext;
  private BatchModeExecutionContext.StepContext stepContext;

  @Before
  public void setUp() {
    options = PipelineOptionsFactory.create();","// TODO: Remove once Distributions has shipped.
options
    .as(DataflowPipelineDebugOptions.class)
    .setExperiments(Lists.newArrayList(SimpleParDoFn.OUTPUTS_PER_ELEMENT_EXPERIMENT));

operationContext = TestOperationContext.create();
stepContext =
    BatchModeExecutionContext.forTesting(
            options, operationContext.counterFactory(), ""testStage"")
        .getStepContext(operationContext);",dependency
859671,323,"// Takes ~1s on markt's laptop. If this takes more than 5s something
// probably needs looking at. If this fails repeatedly then we may need
// to increase this limit.",temporary-fix,"public void testPerformance() throws Exception {
    String[] requestedHostNames = new String[] { ""xxxxxxxxxxx"", ""iowejoiejfoiew"", ""iowejoiejfoiex"", ""owefojiwefoi"",
            ""owefojiwefoix"", ""qwerty.net"", ""foo.net"", ""zzz.com"", ""abc.com"" };

    for (String requestedHostName : requestedHostNames) {
        testPerformance(requestedHostName);
    }
}

private void testPerformance(String requestedHostName) throws Exception {","final long maxTime = 5000;
long time = testPerformanceImpl(requestedHostName);
log.info(""Host ["" + requestedHostName + ""], Time ["" + time + ""]ms"");
if (time >= maxTime) {
    // Rerun to reject occasional failures, e.g. because of gc
    log.warn(""testPerformance() test completed in "" + time + "" ms"");
    time = testPerformanceImpl(requestedHostName);
    log.warn(""testPerformance() test rerun completed in "" + time + "" ms"");
}
Assert.assertTrue(String.valueOf(time), time < maxTime);",code
869877,337,// TODO(b/139192655): The function template should shadow the class template type and not error,requirement,"          ""function identity(x) {"",
          ""  return x;"",
          ""}"",
          """",
          ""var /** function(!Foo): !Foo */ y = identity;"")
      .addDiagnostic(BOUNDED_GENERICS_USE_MSG)
      .run();
}

@Test","// TODO(b/139192655): The function template should shadow the class template type and not error
public void testFunctionTemplateShadowClassTemplate() {
  newTest()
      .addSource(
          ""/**"",
          "" * @template T"",
          "" */"",
          ""class Foo {"",
          ""  /**"",
          ""   * @param {T} x"",",code
874375,337,// TODO(b/133450410): This should be a visibility violation.,defect,"                  ""/** @package */"", //
                  ""var name = 'foo';"")),
          SourceFile.fromCode(
              Compiler.joinPathParts(""baz"", ""quux.js""), //
              lines(""name;""))),
      error(BAD_PACKAGE_PROPERTY_ACCESS));
}

@Test
public void testPackagePrivateAccessForNames_googModule() {","// TODO(b/133450410): This should be a visibility violation.
disableRewriteClosureCode();
testNoWarning(
    srcs(
        SourceFile.fromCode(
            Compiler.joinPathParts(""foo"", ""bar.js""),
            lines(
                ""goog.module('Foo');"",
                ""/** @package */"",
                ""var name = 'foo';"",",requirement
876550,337,// TODO(skill): The generator transpilation should not produce any unreachable code,requirement,"          ""if(GEN_CONTEXT$0.yieldResult) {"",
          ""  return GEN_CONTEXT$0.jumpTo(0);"",
          ""} else {"",
          ""  return GEN_CONTEXT$0.jumpTo(0);"",
          ""}"",
          ""GEN_CONTEXT$0.jumpToEnd();""));
}

@Test
public void testUnreachable() {","// TODO(skill): The generator transpilation should not produce any unreachable code
rewriteGeneratorBody(
    ""while (true) {yield; break;}"",
    lines(
        ""if (GEN_CONTEXT$0.nextAddress == 1) {"",
        ""  if (!true) {"",
        ""    return GEN_CONTEXT$0.jumpTo(0);"",
        ""  }"",
        ""  return GEN_CONTEXT$0.yield(void 0, 5);"",
        ""}"",",code
876571,337,// TODO(b/142881197): we can't give a more accurate type right now.,temporary-fix,"
@Test
public void testYieldAll_withTypes() {
  Node returnNode =
      testAndReturnBodyForNumericGenerator(
          ""yield * [1, 2];"", """", ""return GEN_CONTEXT$0.yieldAll([1, 2], 0);"");

  checkState(returnNode.isReturn(), returnNode);
  Node callNode = returnNode.getFirstChild();
  checkState(callNode.isCall(), callNode);","// TODO(b/142881197): we can't give a more accurate type right now.
assertNode(callNode).hasColorThat().isEqualTo(StandardColors.UNKNOWN);

Node yieldAllFn = callNode.getFirstChild();
checkState(yieldAllFn.isGetProp());

// Check that the original types on ""[1, 2]"" are still present after transpilation
Node yieldedValue = callNode.getSecondChild(); // [1, 2]

checkState(yieldedValue.isArrayLit(), yieldedValue);",code
877559,337,// TODO(b/139319709): Remove this. static method removal is disabled.,code,"    ""    this.x = 1;"",
    ""  }"",
    ""  static foo() {}"",
    ""}"",
    ""new C;""),
lines(
    ""class C {"",
    ""  constructor() {"", // constructor is not removable
    ""    this.x = 1;"",
    ""  }"",","        // TODO(b/139319709): Remove this. static method removal is disabled.
        ""  static foo() {}"",
        ""}"",
        ""new C();""));

test(
    lines(
        ""class C {"",
        ""  constructor() {"",
        ""    this.x = 1;"",",refactor
877599,337,// TODO(johnlenz): support this. Unused return can be removed.,temporary-fix,"
@Test
public void testNoRewriteDestructuredObject4() {
  String source =
      lines(""class C { method() { return 1 }}"", ""({a:x.method = function() {}} = {})"", ""x()"");
  testSame(source);
}

@Test
public void testNoRewriteTagged1() {","  // TODO(johnlenz): support this. Unused return can be removed.
  String source = lines(""var f = function() { return 1; };"", ""f`tagged`"");
  testSame(source);
}

@Test
public void testNoRewriteTagged2() {
  // Tagged use prevents optimizations
  String source = lines(""var f = function() { return 1; };"", ""var x = f`tagged`"");
  testSame(source);",refactor
878369,337,"// TODO(lharker): forbid this annotation, since it is impossible for a Promise to resolve to a
// Promise.",requirement,"      .addDiagnostic(
          lines(
              ""actual parameter 1 of takesNumber does not match formal parameter"",
              ""found   : string"",
              ""required: number""))
      .run();
}

@Test
public void testAwaitPromiseOfPromise() {","  newTest()
      .addSource(
          ""function takesNumber(/** number*/ num) {}"",
          """",
          ""async function f(/** !Promise<!Promise<number>> */ p) {"",
          ""  takesNumber(await p);"",
          ""}"")
      .run();
}
",code
881269,337,// TODO(tjgq): Consider rewriting to const even when already sorted.,requirement,"public void testFixRequires_varAndLetBecomeConstIfUnsorted() {
  assertChanges(
      fileWithImports(
          ""var b = goog.require('b');"", ""let a = goog.require('a');"", useInCode(""a"", ""b"")),
      fileWithImports(
          ""const a = goog.require('a');"", ""const b = goog.require('b');"", useInCode(""a"", ""b"")));
}

@Test
public void testFixRequires_varAndLetDoNotBecomeConstIfAlreadySorted() {","  // TODO(tjgq): Consider rewriting to const even when already sorted.
  assertNoChanges(
      fileWithImports(
          ""let a = goog.require('a');"", ""var b = goog.require('b');"", useInCode(""a"", ""b"")));
}

@Test
public void testFixRequires_preserveJsDoc_whenSorting() {
  assertChanges(
      fileWithImports(",refactor
892743,368,"// expected
// TODO(czhu): with the current implementation of prefixes w/o delimiters, there is
// never a FileDoesNotExistException because we just list the entire bucket recursively",impractical-case,"new TestCase(mHostname, mPort, mBaseUri,
    ""bucket"", parameters, HttpMethod.GET,
    getDefaultOptionsWithAuth().setContentType(TestCaseOptions.XML_CONTENT_TYPE))
    .runAndCheckResult(expected);

//parameters with non-existent prefix=""dne_folder/file""
try {
  expected = new ListBucketResult(""bucket"", statuses,
      ListBucketOptions.defaults().setPrefix(""dne_folder/file""));
} catch (Exception e) {","  statuses = new ArrayList<>();
  return;
}
assertEquals(0, expected.getContents().size());

parameters.put(""prefix"", ""dne_folder/file"");
new TestCase(mHostname, mPort, mBaseUri,
    ""bucket"", parameters, HttpMethod.GET,
    getDefaultOptionsWithAuth().setContentType(TestCaseOptions.XML_CONTENT_TYPE))
    .runAndCheckResult(expected);",how-to
911842,374,// Currently we can only Snapshot only out of the Spark Session Catalog,requirement,"import org.apache.iceberg.relocated.com.google.common.collect.ImmutableList;
import org.apache.spark.sql.AnalysisException;
import org.junit.jupiter.api.AfterEach;
import org.junit.jupiter.api.TestTemplate;
import org.junit.jupiter.api.extension.ExtendWith;

@ExtendWith(ParameterizedTestExtension.class)
public class TestSnapshotTableProcedure extends ExtensionsTestBase {
  private static final String SOURCE_NAME = ""spark_catalog.default.source"";
","// Currently we can only Snapshot only out of the Spark Session Catalog

@AfterEach
public void removeTables() {
  sql(""DROP TABLE IF EXISTS %s"", tableName);
  sql(""DROP TABLE IF EXISTS %s PURGE"", SOURCE_NAME);
}

@TestTemplate
public void testSnapshot() throws IOException {",superficial-test
924232,401,// TODO Test other adapter methods.,requirement,"import org.junit.platform.engine.TestDescriptor;
import org.junit.platform.engine.UniqueId;
import org.junit.platform.engine.reporting.ReportEntry;
import org.junit.platform.engine.support.descriptor.DemoMethodTestDescriptor;
import org.junit.platform.launcher.TestExecutionListener;
import org.junit.platform.launcher.TestIdentifier;

/**
 * @since 1.0
 */","// TODO Test other adapter methods.
class ExecutionListenerAdapterTests {

	@Test
	void testReportingEntryPublished() {
		var testDescriptor = getSampleMethodTestDescriptor();

		var discoveryResult = new LauncherDiscoveryResult(Map.of(mock(), testDescriptor), mock(),
			dummyOutputDirectoryProvider());
		var testPlan = InternalTestPlan.from(discoveryResult);",superficial-test
968911,435,//TODO: make this work:,defect,"					Root<Person> root = criteria.from( Person.class );
					criteria.where( criteriaBuilder.gt( criteriaBuilder.treat( root, Employee.class ).get( ""salary"" ), new BigDecimal( 100 ) ) );

					result = s.createQuery( criteria ).list();
//					result = s.createCriteria( Person.class )
//							.add( Property.forName( ""salary"" ).gt( new BigDecimal( 100 ) ) )
//							.list();
					assertThat( result.size(), is( 1 ) );
					assertSame( result.get( 0 ), q );
","				//TODO: make this work:
	/*result = s.createQuery(""select salary from Person where salary > 100"").list();
	assertEquals( result.size(), 1 );
	assertEquals( result.get(0), new BigDecimal(1000) );*/

				s.remove( p );
				s.remove( q );
			}
	);
}",requirement
975274,435,// TODO - seems this explicit case is necessary with JDK 5 (at least on Mac). With Java 6 there is no problem,requirement,"catch ( ConstraintViolationException e ) {
	fail( ""invalid object should not be validated"" );
}
try {
	s.remove( ch );
	s.flush();
	fail( ""invalid object should not be persisted"" );
}
catch ( ConstraintViolationException e ) {
	assertEquals( 1, e.getConstraintViolations().size() );","// TODO - seems this explicit case is necessary with JDK 5 (at least on Mac). With Java 6 there is no problem
Annotation annotation = e.getConstraintViolations()
		.iterator()
		.next()
		.getConstraintDescriptor()
		.getAnnotation();
assertEquals(
		NotNull.class,
		annotation.annotationType()
);",temporary-fix
991460,441,"// Design limitation - typeless u extension keyword 00 below is interpreted as a boolean value true/yes.
// With the legacy keyword syntax, ""yes"" is used for such boolean value instead of ""true"".
// However, once the legacy keyword is translated back to BCP 47 u extension, key ""00"" is unknown,
// so ""yes"" is preserved - not mapped to ""true"". We could change the code to automatically transform
// ""yes"" to ""true"", but it will break roundtrip conversion if BCP 47 u extension has ""00-yes"".",how-to,"{""U"", ""ja_JP@calendar=japanese;currency=JPY"", ""E"", ""u"", ""attr1-ca-gregory"", ""T"", ""ja-JP-u-attr1-ca-gregory"", ""ja_JP@attribute=attr1;calendar=gregorian""},
{""U"", ""en@colnumeric=yes"", ""K"", ""kn"", """", ""T"", ""en-u-kn-true"", ""en@colnumeric=yes""},
{""L"", ""th"", ""R"", ""th"", ""K"", ""nu"", ""thai"", ""T"", ""th-TH-u-nu-thai"", ""th_TH@numbers=thai""},
{""U"", ""zh_Hans"", ""R"", ""sg"", ""K"", ""ca"", ""badcalendar"", ""X""},
{""U"", ""zh_Hans"", ""R"", ""sg"", ""K"", ""cal"", ""gregory"", ""X""},
{""E"", ""z"", ""ExtZ"", ""L"", ""en"", ""T"", ""en-z-extz"", ""en@z=extz""},
{""E"", ""z"", ""ExtZ"", ""L"", ""en"", ""E"", ""z"", """", ""T"", ""en"", ""en""},
{""E"", ""z"", ""ExtZ"", ""L"", ""en"", ""E"", ""z"", null, ""T"", ""en"", ""en""},
{""E"", ""a"", ""x"", ""X""},
{""E"", ""a"", ""abc_def"", ""T"", ""und-a-abc-def"", ""@a=abc-def""},","{""L"", ""en"", ""E"", ""u"", ""bbb-aaa-00"", ""T"", ""en-u-aaa-bbb-00-yes"", ""en@00=yes;attribute=aaa-bbb""},
{""L"", ""fr"", ""R"", ""FR"", ""P"", ""Yoshito-ICU"", ""T"", ""fr-FR-x-yoshito-icu"", ""fr_FR@x=yoshito-icu""},
{""L"", ""ja"", ""R"", ""jp"", ""K"", ""ca"", ""japanese"", ""T"", ""ja-JP-u-ca-japanese"", ""ja_JP@calendar=japanese""},
{""K"", ""co"", ""PHONEBK"", ""K"", ""ca"", ""gregory"", ""L"", ""De"", ""T"", ""de-u-ca-gregory-co-phonebk"", ""de@calendar=gregorian;collation=phonebook""},
{""E"", ""o"", ""OPQR"", ""E"", ""a"", ""aBcD"", ""T"", ""und-a-abcd-o-opqr"", ""@a=abcd;o=opqr""},
{""E"", ""u"", ""nu-thai-ca-gregory"", ""L"", ""TH"", ""T"", ""th-u-ca-gregory-nu-thai"", ""th@calendar=gregorian;numbers=thai""},
{""L"", ""en"", ""K"", ""tz"", ""usnyc"", ""R"", ""US"", ""T"", ""en-US-u-tz-usnyc"", ""en_US@timezone=America/New_York""},
{""L"", ""de"", ""K"", ""co"", ""phonebk"", ""K"", ""ks"", ""level1"", ""K"", ""kk"", ""true"", ""T"", ""de-u-co-phonebk-kk-true-ks-level1"", ""de@collation=phonebook;colnormalization=yes;colstrength=primary""},
{""L"", ""en"", ""R"", ""US"", ""K"", ""ca"", ""gregory"", ""T"", ""en-US-u-ca-gregory"", ""en_US@calendar=gregorian""},
{""L"", ""en"", ""R"", ""US"", ""K"", ""cal"", ""gregory"", ""X""},",design
1010409,441,"/**
 * An implementation of {@code OutputStream} that should serve as the
 * underlying stream for classes to be tested.
 * In particular this implementation allows to have IOExecptions thrown on demand.
 * For simplicity of use and understanding all fields are public.
 */",design,"package tests.support;

import java.io.IOException;
import java.io.Writer;
","public class Support_ASimpleWriter extends Writer {

    public static final int DEFAULT_BUFFER_SIZE = 32;

    public char[] buf;

    public int pos;

    public int size;
",documentation
1018374,441,"/* J2ObjC removed: not supported by Junit 4.11 (https://github.com/google/j2objc/issues/1318).
import libcore.junit.junit3.TestCaseWithRules;
import libcore.junit.util.ResourceLeakageDetector.DisableResourceLeakageDetection;
import libcore.junit.util.ResourceLeakageDetector; */",dependency,"import java.lang.reflect.Field;
import java.nio.file.attribute.FileTime;
import java.util.ArrayList;
import java.util.List;
import java.util.zip.CRC32;
import java.util.zip.ZipEntry;
import java.util.zip.ZipException;
import java.util.zip.ZipInputStream;
import java.util.zip.ZipOutputStream;
","import org.junit.Rule;
import org.junit.rules.TestRule;

public class ZipOutputStreamTest extends junit.framework.TestCase /* J2ObjC removed: TestCaseWithRules */ {
    /* J2ObjC removed: not supported by Junit 4.11 (https://github.com/google/j2objc/issues/1318).
    @Rule
    public TestRule guardRule = ResourceLeakageDetector.getRule(); */

    ZipOutputStream zos;
",skip-test
1037082,445,// TODO replace explicit pre-mockito mock classes with proper mockito mocks wherever possible,temporary-fix,"import java.util.concurrent.CyclicBarrier;
import java.util.concurrent.RejectedExecutionException;
import java.util.concurrent.TimeUnit;

import static org.junit.Assert.assertEquals;
import static org.junit.Assert.assertFalse;
import static org.junit.Assert.assertNotNull;
import static org.junit.Assert.assertTrue;
import static org.junit.Assert.fail;
","// TODO replace explicit pre-mockito mock classes with proper mockito mocks wherever possible
public class MessageBusVisitorSessionTestCase {

    private class MockSender implements MessageBusVisitorSession.Sender {
        private int maxPending = 1000;
        private int pendingCount = 0;
        private ArrayList<Message> messages = new ArrayList<>();
        private ReplyHandler replyHandler = null;
        private boolean destroyed = false;
        private RuntimeException exceptionOnSend = null;",refactor
1061072,476,"// This test isn't necessarily what we'd want to do, but it's what we do now, and it's OK-ish.",temporary-fix,"    ""class Test {}"",
  };
  String[] expected = {
    ""/** */"", ""class Test {}"",
  };
  doFormatTest(input, expected);
}

@Test
public void commentMostlyUntouched() {","// This test isn't necessarily what we'd want to do, but it's what we do now, and it's OK-ish.
String[] input = {
  ""/**"",
  "" * Foo."",
  "" *"",
  "" *  <!--"",
  ""*abc"",
  "" *   def   "",
  "" * </tr>"",
  "" *-->bar"",",superficial-test
1063158,478,"/**
 * There is a delay 5-10 mins between upload of file and being searchable (probably to update some search indexes,
 * see https://community.box.com/t5/Platform-and-Development-Forum/Box-Search-Delay/td-p/40072). With this delay
 * search for an actual item, created in the beginning of the test, doesn't make sense. Test only verifies, that
 * search results works (and does not end with an exception).
 *
 * To test search of real data, change query string from '*' to real name of file.
 */",impractical-case," * Test class for {@link BoxSearchManager} APIs.
 */
@EnabledIf(value = ""org.apache.camel.component.box.AbstractBoxITSupport#hasCredentials"",
           disabledReason = ""Box credentials were not provided"")
public class BoxSearchManagerIT extends AbstractBoxITSupport {

    private static final Logger LOG = LoggerFactory.getLogger(BoxSearchManagerIT.class);
    private static final String PATH_PREFIX = BoxApiCollection.getCollection()
            .getApiName(BoxSearchManagerApiMethod.class).getName();
","@Test
public void testSearchFolder() {
    final Map<String, Object> headers = new HashMap<>();
    // parameter type is String
    headers.put(""CamelBox.folderId"", ""0"");
    // parameter type is String
    headers.put(""CamelBox.query"", ""*"");

    @SuppressWarnings(""rawtypes"")
    final java.util.Collection result = requestBodyAndHeaders(""direct://SEARCHFOLDER"", null, headers);",superficial-test
1101206,482,// TODO (https://github.com/trinodb/trino/issues/17) change to equals(),requirement,"public MatchResult detailMatches(
    PlanNode node, SessionInfo session, Metadata metadata, SymbolAliases symbolAliases) {
  checkState(
      shapeMatches(node),
      ""Plan testing framework error: shapeMatches returned false in detailMatches in %s"",
      this.getClass().getName());
  AggregationTableScanNode aggregationTableScanNode = (AggregationTableScanNode) node;

  String actualTableName = aggregationTableScanNode.getQualifiedObjectName().toString();
","// TODO (https://github.com/trinodb/trino/issues/17) change to equals()
if (!expectedTableName.equalsIgnoreCase(actualTableName)) {
  return NO_MATCH;
}

if (!outputSymbols.isEmpty()
    && !ImmutableSet.copyOf(outputSymbols)
        .equals(
            aggregationTableScanNode.getOutputSymbols().stream()
                .map(Symbol::getName)",code
1118417,488,"/**
 * Test for advanced push types.
 * Currently only tests METADATA push type.
 * todo: add test for URI push
 */",superficial-test,"import org.apache.pinot.spi.utils.builder.TableNameBuilder;
import org.apache.pinot.util.TestUtils;
import org.testng.Assert;
import org.testng.annotations.AfterClass;
import org.testng.annotations.AfterMethod;
import org.testng.annotations.BeforeClass;
import org.testng.annotations.BeforeMethod;
import org.testng.annotations.Test;

","public class SegmentUploadIntegrationTest extends BaseClusterIntegrationTest {
  private static String _tableNameSuffix;

  @Override
  protected Map<String, String> getStreamConfigs() {
    return null;
  }

  @Override
  protected String getSortedColumn() {",requirement
1122121,488,"// TODO: it is necessary to produce two values here, the operator only throws on second
// (see the comment in Aggregate operator)",defect,"}

@Test
public void shouldReturnErrorBlockOnUnexpectedInputType() {
  // Given:
  List<RexExpression.FunctionCall> aggCalls = List.of(getSum(new RexExpression.InputRef(1)));
  List<Integer> filterArgs = List.of(-1);
  List<Integer> groupKeys = List.of(0);
  DataSchema inSchema = new DataSchema(new String[]{""group"", ""arg""}, new ColumnDataType[]{INT, STRING});
  when(_input.nextBlock())","    .thenReturn(OperatorTestUtil.block(inSchema, new Object[]{2, ""foo""}, new Object[]{2, ""foo""}))
    .thenReturn(TransferableBlockTestUtils.getEndOfStreamTransferableBlock(0));
DataSchema resultSchema = new DataSchema(new String[]{""sum""}, new ColumnDataType[]{DOUBLE});
AggregateOperator operator = getOperator(resultSchema, aggCalls, filterArgs, groupKeys);

// When:
TransferableBlock block = operator.nextBlock();

// Then:
assertTrue(block.isErrorBlock(), ""expected ERROR block from invalid computation"");",how-to
1133322,489,// TODO(HUDI-3668): Fix this test,requirement,"  when(mockIterator.hasNext()).thenReturn(true, true, true, false);

  dfsDeltaWriterAdapter.write(mockIterator);
  Mockito.verify(mockFileSinkWriter, times(2)).canWrite();
  Mockito.verify(mockFileSinkWriter, times(1)).getNewWriter();
  Mockito.verify(mockFileSinkWriter, times(2)).close();
}

@Test
@Disabled","// TODO(HUDI-3668): Fix this test
public void testDFSWorkloadSinkWithMultipleFilesFunctional() throws IOException {
  DeltaConfig dfsSinkConfig = new DFSDeltaConfig(DeltaOutputMode.DFS, DeltaInputType.AVRO,
      HadoopFSUtils.getStorageConfWithCopy(jsc.hadoopConfiguration()), basePath, basePath,
      schemaProvider.getSourceSchema().toString(), 10240L, jsc.defaultParallelism(), false, false);
  DeltaWriterAdapter<GenericRecord> dfsDeltaWriterAdapter = DeltaWriterFactory
      .getDeltaWriterAdapter(dfsSinkConfig, 1);
  FlexibleSchemaRecordGenerationIterator itr = new FlexibleSchemaRecordGenerationIterator(1000,
      schemaProvider.getSourceSchema().toString());
  dfsDeltaWriterAdapter.write(itr);",defect
1154060,497,"// todo: make this test run also for edge-based CH or otherwise make sure time calculation is tested also for edge-based CH (at the moment it will fail!)
// todo: make this test run also for ALT or otherwise make sure time calculation is tested also for ALT (at the moment it will fail?!)",superficial-test,"public class EdgeBasedRoutingAlgorithmTest {
    private static final Logger LOGGER = LoggerFactory.getLogger(EdgeBasedRoutingAlgorithmTest.class);
    private DecimalEncodedValue speedEnc;
    private DecimalEncodedValue turnCostEnc;
    private TurnCostStorage tcs;

    private static class FixtureProvider implements ArgumentsProvider {
        @Override
        public Stream<? extends Arguments> provideArguments(ExtensionContext context) {
            return Stream.of(","                DIJKSTRA,
                DIJKSTRA_BI,
                ASTAR,
                ASTAR_BI
                // TODO { AlgorithmOptions.DIJKSTRA_ONE_TO_MANY }
        ).map(Arguments::of);
    }
}

// 0---1",defect
1179971,541,"// Now a more precise check to see if the false positive rate is not
// too high. The reason we use a relaxed restriction for the real-world
// case as opposed to the ""fake lookup"" case is that our hash functions
// are not completely independent.",superficial-test,"  }
}
double falsePosRate = numFalsePos * 1.0 / nTrials;
LOG.debug(String.format(testIdMsg + "" False positives: %d out of %d (%f)"", numFalsePos,
  nTrials, falsePosRate) + fakeLookupModeStr);

// Check for obvious Bloom filter crashes.
assertTrue(""False positive is too high: "" + falsePosRate + "" (greater "" + ""than ""
  + TOO_HIGH_ERROR_RATE + "")"" + fakeLookupModeStr, falsePosRate < TOO_HIGH_ERROR_RATE);
","
double maxZValue = fakeLookupEnabled ? 1.96 : 2.5;
validateFalsePosRate(falsePosRate, nTrials, maxZValue, cbf, fakeLookupModeStr);

// For checking the lower bound we need to eliminate the last chunk,
// because it is frequently smaller and the false positive rate in it
// is too low. This does not help if there is only one under-sized
// chunk, though.
int nChunks = cbf.getNumChunks();
if (nChunks > 1) {",code
1190123,541,"/**
 * This file has been copied from the Apache ZooKeeper project.
 * @see <a href=
 *      ""https://github.com/apache/zookeeper/blob/master/zookeeper-server/src/test/java/org/apache/zookeeper/common/JKSFileLoaderTest.java"">Base
 *      revision</a>
 */",code,"import org.apache.hadoop.hbase.HBaseClassTestRule;
import org.apache.hadoop.hbase.testclassification.SecurityTests;
import org.apache.hadoop.hbase.testclassification.SmallTests;
import org.junit.Assert;
import org.junit.ClassRule;
import org.junit.Test;
import org.junit.experimental.categories.Category;
import org.junit.runner.RunWith;
import org.junit.runners.Parameterized;
","@RunWith(Parameterized.class)
@Category({ SecurityTests.class, SmallTests.class })
public class TestJKSFileLoader extends AbstractTestX509Parameterized {

  @ClassRule
  public static final HBaseClassTestRule CLASS_RULE =
    HBaseClassTestRule.forClass(TestJKSFileLoader.class);

  @Test
  public void testLoadKeyStore() throws Exception {",documentation
1206419,570,"// Ignore this error, probably a ""table does not exist"" since Derby doesn't yet support DROP IF EXISTS [DERBY-4842]",how-to,"@Test
public void testAddedRowsTimestampRightBounded() throws SQLException {

    // load test data to database
    final Connection con = ((DBCPService) runner.getControllerService(""dbcp"")).getConnection();
    Statement stmt = con.createStatement();

    try {
        stmt.execute(""drop table TEST_QUERY_DB_TABLE"");
    } catch (final SQLException ignored) {","    // Ignore this error, probably a ""table does not exist"" since Derby doesn't yet support DROP IF EXISTS [DERBY-4842]
}

stmt.execute(""create table TEST_QUERY_DB_TABLE (id integer not null, name varchar(100), scale float, created_on timestamp, bignum bigint default 0)"");
stmt.execute(""insert into TEST_QUERY_DB_TABLE (id, name, scale, created_on) VALUES (0, 'Joe Smith', 1.0, '1962-09-23 03:23:34.234')"");
stmt.execute(""insert into TEST_QUERY_DB_TABLE (id, name, scale, created_on) VALUES (1, 'Carrie Jones', 5.0, '2000-01-01 03:23:34.234')"");
stmt.execute(""insert into TEST_QUERY_DB_TABLE (id, name, scale, created_on) VALUES (2, NULL, 2.0, '2010-01-01 00:00:00')"");

runner.setProperty(GenerateTableFetch.TABLE_NAME, ""TEST_QUERY_DB_TABLE"");
runner.setIncomingConnection(false);",defect
1222088,587,"// skip test, as it needs historical time zone info",dependency,"assertSame(g, f);
DateTime dt = new DateTime(2004, 6, 9, 10, 20, 30, 0);
String expect = DateFormat.getTimeInstance(DateFormat.SHORT, UK).format(dt.toDate());
assertEquals(expect, f.print(dt));
expect = DateFormat.getTimeInstance(DateFormat.SHORT, US).format(dt.toDate());
assertEquals(expect, f.withLocale(US).print(dt));
expect = DateFormat.getTimeInstance(DateFormat.SHORT, FRANCE).format(dt.toDate());
assertEquals(expect, f.withLocale(FRANCE).print(dt));

if (TimeZone.getDefault() instanceof SimpleTimeZone) {","        // skip test, as it needs historical time zone info
    } else {
        DateTime date = new DateTime(
            DateFormat.getTimeInstance(DateFormat.SHORT, FRANCE).parse(expect));
        assertEquals(date, f.withLocale(FRANCE).parseDateTime(expect));
    }
}

public void testForStyle_shortDateTime() throws Exception {
    DateTimeFormatter f = DateTimeFormat.shortDateTime();",skip-test
1244485,620,"//TODO: Rewrite with dynamic cache creation, and GRID start in #beforeTest after resolve of
//TODO: IGNITE-1094",temporary-fix,"}

/**
 * Test collision of table names in different caches, sharing a single SQL schema.
 *
 * @throws Exception If failed.
 */
@Ignore(""https://issues.apache.org/jira/browse/IGNITE-10723"")
@Test
public void testCustomSchemaMultipleCachesTablesCollision() throws Exception {","GridTestUtils.assertThrows(log, new Callable<Object>() {
    @Override public Object call() throws Exception {
        final CacheConfiguration cfg = cacheConfig(""cache1"", true, Integer.class, Fact.class)
            .setSqlSchema(""TEST_SCHEMA"");

        final CacheConfiguration collisionCfg = cacheConfig(""cache2"", true, Integer.class, Fact.class)
            .setSqlSchema(""TEST_SCHEMA"");

        IgniteConfiguration icfg = new IgniteConfiguration()
            .setLocalHost(""127.0.0.1"")",refactor
1495929,822,"// TODO the following assertion fails because of a bug in the JDK (see JDK-8311079 and MountedPathResourceTest.testJarFileResourceAccessBackSlash())
//assertThat(servletContext.getResource(""/nested-reserved-!#\\\\$%&()*+,:=?@[]-meta-inf-resource.txt""), notNullValue());",dependency,"assertThat(resourcePaths.size(), is(2));
assertThat(resourcePaths, containsInAnyOrder(expected));

String realPath = servletContext.getRealPath(""/"");
assertThat(realPath, notNullValue());
assertThat(servletContext.getRealPath(""/WEB-INF/""), endsWith(""/WEB-INF/""));
// TODO the following assertion fails because of a bug in the JDK (see JDK-8311079 and MountedPathResourceTest.testJarFileResourceAccessBackSlash())
//assertThat(servletContext.getRealPath(resourcePaths.get(1)), endsWith(""/nested-reserved-!#\\\\$%&()*+,:=?@[]-meta-inf-resource.txt""));

assertThat(servletContext.getResource(""/WEB-INF/""), notNullValue());","
HttpTester.Response response1 = HttpTester.parseResponse(connector.getResponse(""""""
    GET /resource HTTP/1.1\r
    Host: local\r
    Connection: close\r
    \r
    """"""));

assertThat(response1.getStatus(), is(HttpStatus.OK_200));
assertThat(response1.getContent(), containsString(""/WEB-INF""));",defect
1506165,822,// TODO,skip-test,"import org.junit.jupiter.api.Disabled;
import org.junit.jupiter.api.Test;

import static org.hamcrest.MatcherAssert.assertThat;
import static org.hamcrest.Matchers.containsString;
import static org.hamcrest.Matchers.not;
import static org.junit.jupiter.api.Assertions.assertEquals;
import static org.junit.jupiter.api.Assertions.assertFalse;
import static org.junit.jupiter.api.Assertions.assertTrue;
","@Disabled // TODO
public class DoSFilterJMXTest
{
    @Test
    public void testDoSFilterJMX() throws Exception
    {
        Server server = new Server();
        Connector connector = new ServerConnector(server);
        server.addConnector(connector);
",requirement
1512589,829,// Probably incorrect - comparing Object[] arrays with Arrays.equals,how-to,"if (this == o)
    return true;
if (o == null || getClass() != o.getClass())
    return false;

ComplexBean that = (ComplexBean) o;

// Probably incorrect - comparing Object[] arrays with Arrays.equals
if (!Arrays.equals(strs, that.strs))
    return false;","    // Probably incorrect - comparing Object[] arrays with Arrays.equals
    if (!Arrays.equals(jobs, that.jobs))
        return false;
    if (list != null ? !list.equals(that.list) : that.list != null)
        return false;
    if (map != null ? !map.equals(that.map) : that.map != null)
        return false;
    return clazz != null ? clazz.equals(that.clazz) : that.clazz == null;

}",code
1544848,889,//this is pretty yuck,temporary-fix,"    if (r <= 0) break;
    if (r > 0) {
        read += r;
        sb.append(new String(buf, 0, r));
    }
}
String actual = sb.toString();
actual = actual.replaceAll(""\r\nDate:.*"","""");
actual = actual.replaceAll(""content-length"",""Content-Length"");
try {","    //this is pretty yuck
    Assert.assertEquals(response1, actual);
} catch (AssertionError e) {
    Assert.assertEquals(response2, actual);
}

s.getOutputStream().write(request.getBytes());

sb = new StringBuilder();
read = 0;",code
1608102,946,// nested doesn't work yet in Geode. Need custom PDX serializer,requirement,"}

@Override
protected Backend backend() {
  return backend;
}

@Disabled
@Override
public void nested() {","  // nested doesn't work yet in Geode. Need custom PDX serializer
}

@Test
void deleteByKey() {
  PersonGenerator generator = new PersonGenerator();
  repository().insert(generator.next().withId(""id1""));
  repository().insert(generator.next().withId(""id2""));
  repository().insert(generator.next().withId(""id3""));
",dependency
1624648,972,//  this test is probably running with bytecode manipulation. We ignore synthetic methods.,how-to,"    }
    assertTrue(t >= 1);
}

@Test
void findMethodsInClass() {
    Iterable<Method> actualMethods = ReflectionUtils.methodsOf(SomeSubType.class);
    int t = 0;
    for (Method actual : actualMethods) {
        if (actual.isSynthetic()) {","    //  this test is probably running with bytecode manipulation. We ignore synthetic methods.
    continue;
}
switch (t++) {
    case 0:
        assertEquals(""getField3"", actual.getName());
        break;
    case 1:
        assertEquals(""getField3"", actual.getName());
        assertEquals(""SomeSubInterface"", actual.getDeclaringClass().getSimpleName());",skip-test
